symbol,name_english,name_arabic,isin,exchange,country,country_code,sector_code,sector_name_english,sector_name_arabic,market_code,instrument_type,status,logo_url
2POINTZERO,Two Point Zero Group PJSC,مجموعة تو بوينت زيرو ش م ع,AEM001001019,ADX,United Arab Emirates,AE,1,Financials,المالية,510,Equity,Listed,https://apigateway.adx.ae/adx/cdn/1.0/content/download/4602893
ABNIC,Al Buhaira National Insurance Company,شركة البحيرة الوطنية للتأمين,AEA001701019,ADX,United Arab Emirates,AE,1,Financials,المالية,510,Equity,Listed,https://apigateway.adx.ae/adx/cdn/1.0/content/download/951434
ADAVIATION,Abu Dhabi Aviation Co,شركة طيران أبوظبي,AEA001001014,ADX,United Arab Emirates,AE,13,Consumer Discretionary,السلع الاستهلاكية التقديرية,510,Equity,Listed,https://apigateway.adx.ae/adx/cdn/1.0/content/download/2539477
ADCB,Abu Dhabi Commercial Bank,بنك أبوظبي التجاري,AEA000201011,ADX,United Arab Emirates,AE,1,Financials,المالية,510,Equity,Listed,https://apigateway.adx.ae/adx/cdn/1.0/content/download/951102
ADCBRI25,ADCB Rights Issue 2025,حقوق اكتتاب أسهم بنك أبو ظبي التجاري 2025,AER01775A253,ADX,United Arab Emirates,AE,1,Financials,المالية,510,Equity,Delisted,https://apigateway.adx.ae/adx/cdn/1.0/content/download/951102
ADIB,Abu Dhabi Islamic Bank,مصرف أبوظبي اﻻ سﻼ مي,AEA000801018,ADX,United Arab Emirates,AE,1,Financials,المالية,510,Equity,Listed,https://apigateway.adx.ae/adx/cdn/1.0/content/download/1077333
ADNH,Abu Dhabi National Hotels Co,أبوظبي الوطنية للفنادق,AEA000301019,ADX,United Arab Emirates,AE,13,Consumer Discretionary,السلع الاستهلاكية التقديرية,510,Equity,Listed,https://apigateway.adx.ae/adx/cdn/1.0/content/download/950662
ADNHC,A D N H Catering PLC,ايه دي ان اتش للتموين بي ال سي,AEE01486A245,ADX,United Arab Emirates,AE,13,Consumer Discretionary,السلع الاستهلاكية التقديرية,510,Equity,Listed,https://apigateway.adx.ae/adx/cdn/1.0/content/download/3289432
ADNIC,Abu Dhabi National Insurance Company,شركة ابوظبي الوطنية للتأمين,AEA001101012,ADX,United Arab Emirates,AE,1,Financials,المالية,510,Equity,Listed,https://apigateway.adx.ae/adx/cdn/1.0/content/download/992713
ADNOCDIST,Abu Dhabi National Oil Company For Distribution,شركة بترول أبوظبي الوطنية للتوزيع,AEA006101017,ADX,United Arab Emirates,AE,8,Energy,الطاقة,510,Equity,Listed,https://apigateway.adx.ae/adx/cdn/1.0/content/download/1000007
ADNOCDRILL,ADNOC Drilling Company PJSC,شركة أدنوك للحفر ش.م.ع,AEA007301012,ADX,United Arab Emirates,AE,8,Energy,الطاقة,510,Equity,Listed,https://apigateway.adx.ae/adx/cdn/1.0/content/download/2410320
ADNOCGAS,ADNOC GAS PLC,أدنوك للغاز بي أل سي,AEE01195A234,ADX,United Arab Emirates,AE,8,Energy,الطاقة,510,Equity,Listed,https://apigateway.adx.ae/adx/cdn/1.0/content/download/2779776
ADNOCLS,ADNOC LOGISTICS & SERVICES PLC,شركة أدنوك للامداد والخدمات بي أل سي,AEE01268A239,ADX,United Arab Emirates,AE,6,Industrial,الصناعات,510,Equity,Listed,https://apigateway.adx.ae/adx/cdn/1.0/content/download/2837707
ADPORTS,Abu Dhabi Ports Company PJSC,شركة أبوظبي للموانىء ش.م.ع,AEA004601018,ADX,United Arab Emirates,AE,6,Industrial,الصناعات,510,Equity,Listed,https://apigateway.adx.ae/adx/cdn/1.0/content/download/2469963
ADSB,Abu Dhabi Ship Building Co,شركة أبوظبي لبناء السفن,AEA000901016,ADX,United Arab Emirates,AE,6,Industrial,الصناعات,510,Equity,Listed,https://apigateway.adx.ae/adx/cdn/1.0/content/download/951435
AFNIC,Al Fujairah National Insurance Company,شركة الفجيرة الوطنية للتأمين,AEA002901014,ADX,United Arab Emirates,AE,1,Financials,المالية,510,Equity,Listed,https://apigateway.adx.ae/adx/cdn/1.0/content/download/951103
AGILITY,Agility Global PLC,أجيليتي جلوبال بي ال سي,AEE01376A248,ADX,United Arab Emirates,AE,6,Industrial,الصناعات,510,Equity,Listed,https://apigateway.adx.ae/adx/cdn/1.0/content/download/3111593
AGIX,KraneShares Artificial Intelligence & Technology ETF,صندوق كرين شيرز للذكاء الاصطناعي والتقنية المتداول في البورصة,US5007673636,ADX,United Arab Emirates,AE,0,Other,آخر,515,Fund,Listed,https://apigateway.adx.ae/adx/cdn/1.0/content/download/4622348
AGTHIA,AGTHIA Group,مجموعة أغذية,AEA001901015,ADX,United Arab Emirates,AE,3,Consumer Staples,السلع الاستهـلاكية,510,Equity,Listed,https://apigateway.adx.ae/adx/cdn/1.0/content/download/1077334
AIPOWR,Boreas S&P AI Data Power & Infrastructure UCITS ETF - AED (Dist),صندوق بورياس ستاندرد اند بورز لبيانات الذكاء الاصطناعي الطاقة والبنية التحتية يوسيتس المتداول بالدرهم الاماراتي – ذات العائد الموزع,IE000591PJN0,ADX,United Arab Emirates,AE,0,Other,آخر,515,Fund,Listed,https://apigateway.adx.ae/adx/cdn/1.0/content/download/4608684
AKIC,Al Khazna Insurance Co,شركة الخزنة للتأمين,AEA000401017,ADX,United Arab Emirates,AE,1,Financials,المالية,510,Equity,Listed,https://apigateway.adx.ae/adx/cdn/1.0/content/download/950663
ALAIN,Al Ain Alahlia Insurance Co,شركة العين اﻷهلية للتأمين,AEA000101013,ADX,United Arab Emirates,AE,1,Financials,المالية,510,Equity,Listed,https://apigateway.adx.ae/adx/cdn/1.0/content/download/992712
ALDAR,Aldar Properties PJSC,الدار العقارية,AEA002001013,ADX,United Arab Emirates,AE,5,Real Estate,العقارات,510,Equity,Listed,https://apigateway.adx.ae/adx/cdn/1.0/content/download/1066680
ALEFEDT,ALEF EDUCATION HOLDING PLC,شركةألف للتعليم القابضة بي ال سي,AEE01388A243,ADX,United Arab Emirates,AE,15,Technology,التكنولوجيا,510,Equity,Listed,https://apigateway.adx.ae/adx/cdn/1.0/content/download/3161824
ALPHADATA,ALPHA DATA PJSC,ألفا داتا ش م ع,AEE01575A252,ADX,United Arab Emirates,AE,15,Technology,التكنولوجيا,510,Equity,Listed,https://apigateway.adx.ae/adx/cdn/1.0/content/download/4286987
ALPHADHABI,ALPHA DHABI HOLDING PJSC,الفا ظبي القابضة ش م ع,AEA007601015,ADX,United Arab Emirates,AE,6,Industrial,الصناعات,510,Equity,Listed,https://apigateway.adx.ae/adx/cdn/1.0/content/download/2365256
AMR,AMERICANA RESTAURANTS INTERNATIONAL PLC,شركة أمريكانا للمطاعم العالمبة بي ال سي,AEE01135A222,ADX,United Arab Emirates,AE,13,Consumer Discretionary,السلع الاستهلاكية التقديرية,510,Equity,Listed,https://apigateway.adx.ae/adx/cdn/1.0/content/download/2660858
ANAN,ANAN INVESTMENT HOLDING P.J.S.C,عنان لﻼ ستثمار القابضة ش.م.خ,AEW000201015,ADX,United Arab Emirates,AE,5,Real Estate,العقارات,517,Preference,Listed,https://apigateway.adx.ae/adx/cdn/1.0/content/download/1200310
APEX,APEX INVESTMENT P.S.C,ايبيكس لﻼستثمار ش.م.ع,AER000401011,ADX,United Arab Emirates,AE,6,Industrial,الصناعات,510,Equity,Listed,https://apigateway.adx.ae/adx/cdn/1.0/content/download/950675
ARAM,Aram Group,مجموعة أرام,AES000601014,ADX,United Arab Emirates,AE,5,Real Estate,العقارات,510,Equity,Listed,https://apigateway.adx.ae/adx/cdn/1.0/content/download/1081190
ASM,Al Seer Marine Supplies & Equipment Company P.J.S.C,شركة الصير للمعدات والتوريدات البحرية ش م خ,AEA007701013,ADX,United Arab Emirates,AE,6,Industrial,الصناعات,517,Preference,Listed,https://apigateway.adx.ae/adx/cdn/1.0/content/download/2361886
AWNIC,Al Wathba National Insurance Co,شركة الوثبة الوطنية للتأمين,AEA001601011,ADX,United Arab Emirates,AE,1,Financials,المالية,510,Equity,Listed,https://apigateway.adx.ae/adx/cdn/1.0/content/download/951104
BILDCO,Abu Dhabi National Co. for Building Materials,شركة أبوظبي الوطنية لمواد البناء,AEA000501014,ADX,United Arab Emirates,AE,6,Industrial,الصناعات,510,Equity,Listed,https://apigateway.adx.ae/adx/cdn/1.0/content/download/950664
BONDAE,Lunate JP Morgan UAE Bond UCITS ETF, صندوق لونيت جي بي مورغان سند الامارات يوستس المتداول ,IE000AUWE6L4,ADX,United Arab Emirates,AE,0,Other,آخر,515,Fund,Listed,https://apigateway.adx.ae/adx/cdn/1.0/content/download/5021948
BOROUGE,Borouge PLC,شركة بروج بي ال سي,AEE01072B225,ADX,United Arab Emirates,AE,12,Basic Materials,المواد الأساسية,510,Equity,Listed,https://apigateway.adx.ae/adx/cdn/1.0/content/download/2530106
BOS,Bank Of Sharjah,بنك الشارقة,AEB000101011,ADX,United Arab Emirates,AE,1,Financials,المالية,510,Equity,Listed,https://apigateway.adx.ae/adx/cdn/1.0/content/download/992715
BURJEEL,BURJEEL HOLDINGS PLC,برجيل القابضة بي ال سي,AEE01119B224,ADX,United Arab Emirates,AE,11,Health Care,الرعاية الصحية,510,Equity,Listed,https://apigateway.adx.ae/adx/cdn/1.0/content/download/2692522
CBI,Commercial Bank International,البنك التجاري الدولي,AEC000101019,ADX,United Arab Emirates,AE,1,Financials,المالية,510,Equity,Listed,https://apigateway.adx.ae/adx/cdn/1.0/content/download/1066687
CHADX15,Lunate FTSE ADX 15 ETF,صندوق لونيت سوق أبوظبي للأوراق المالية 15 المتداول,AEC01137C226,ADX,United Arab Emirates,AE,0,Other,آخر,515,Fund,Listed,https://apigateway.adx.ae/adx/cdn/1.0/content/download/5021948
CHHK,Lunate S&P China HK Shariah ETF,صندوق لونيت ستاندرد اند بورز الصين هونغ كونغ شريعة المتداول ,AEC01272C239,ADX,United Arab Emirates,AE,0,Other,آخر,515,Fund,Listed,https://apigateway.adx.ae/adx/cdn/1.0/content/download/5021948
DANA,DANA GAS PJSC,دانة غاز,AED000701014,ADX,United Arab Emirates,AE,8,Energy,الطاقة,510,Equity,Listed,https://apigateway.adx.ae/adx/cdn/1.0/content/download/950670
DHAFRA,Al Dhafra Insurance Co,شركة الظفرة للتأمين,AEA000601012,ADX,United Arab Emirates,AE,1,Financials,المالية,510,Equity,Listed,https://apigateway.adx.ae/adx/cdn/1.0/content/download/992722
E7,E7 Group PJSC,مجموعة اي 7,AEE01073A225,ADX,United Arab Emirates,AE,6,Industrial,الصناعات,610,SPAC Share,Listed,https://apigateway.adx.ae/adx/cdn/1.0/content/download/2536741
E7W,E7 Group PJSC Warrants,مجموعة اي 7 - اﻷذونات,AER01074A228,ADX,United Arab Emirates,AE,6,Industrial,الصناعات,611,SPAC Warrant,Listed,https://apigateway.adx.ae/adx/cdn/1.0/content/download/2536741
EAND,Emirates Telecom. Group Company (Etisalat Group) PJSC,شركة مجموعة اﻻمارات لﻼتصاﻻت(مجموعةاتصاﻻت)ش م ع,AEE000401019,ADX,United Arab Emirates,AE,9,Telecommunication,الاتصالات,510,Equity,Listed,https://apigateway.adx.ae/adx/cdn/1.0/content/download/951112
EASYLEASE,Easy Lease Motorcycle Rental PJSC,ايزي ليس لتأجير الدراجات النارية ش م خ,AEE002801018,ADX,United Arab Emirates,AE,6,Industrial,الصناعات,517,Preference,Listed,https://apigateway.adx.ae/adx/cdn/1.0/content/download/2231101
EIC,Emirates Insurance Co,شركة اﻻمارات للتأمين,AEE000101015,ADX,United Arab Emirates,AE,1,Financials,المالية,510,Equity,Listed,https://apigateway.adx.ae/adx/cdn/1.0/content/download/951444
EMOBILITY,Emirates Mobility Company,شركة الإمارات للتنقل,AEE000601014,ADX,United Arab Emirates,AE,13,Consumer Discretionary,السلع الاستهلاكية التقديرية,510,Equity,Listed,https://apigateway.adx.ae/adx/cdn/1.0/content/download/4865088
EMSTEEL,EMSTEEL BUILDING MATERIALS PJSC,امستيل لمواد البناء ش  م ع,AEA002801016,ADX,United Arab Emirates,AE,6,Industrial,الصناعات,510,Equity,Listed,https://apigateway.adx.ae/adx/cdn/1.0/content/download/951436
ESG,ESG EMIRATES STALLIONS GROUP P.J.S.C,اي اس جي ستاليونز اﻻ مارات,AEE002901016,ADX,United Arab Emirates,AE,6,Industrial,الصناعات,517,Preference,Listed,https://apigateway.adx.ae/adx/cdn/1.0/content/download/2338745
ESHRAQ,ESHRAQ INVESTMENTS P.J.S.C,شركة اشراق لﻼستثمار,AEE000901018,ADX,United Arab Emirates,AE,5,Real Estate,العقارات,510,Equity,Listed,https://apigateway.adx.ae/adx/cdn/1.0/content/download/950771
FAB,First Abu Dhabi Bank,بنك أبوظبي اﻷول,AEN000101016,ADX,United Arab Emirates,AE,1,Financials,المالية,510,Equity,Listed,https://apigateway.adx.ae/adx/cdn/1.0/content/download/992725
FBI,Fujairah Building Industries P.S.C,شركه الفجيرة لصناعات البناء ش.م.ع,AEF000501013,ADX,United Arab Emirates,AE,6,Industrial,الصناعات,510,Equity,Listed,https://apigateway.adx.ae/adx/cdn/1.0/content/download/992723
FCI,Fujairah Cement Industries,صناعات اسمنت الفجيرة,AEF000301018,ADX,United Arab Emirates,AE,6,Industrial,الصناعات,510,Equity,Listed,https://apigateway.adx.ae/adx/cdn/1.0/content/download/1066689
FERTIGLB,Fertiglobe plc,شركة فيرتيغلوب ش.ع.م,AEF000901015,ADX,United Arab Emirates,AE,12,Basic Materials,المواد الأساسية,510,Equity,Listed,https://apigateway.adx.ae/adx/cdn/1.0/content/download/2422136
FH,Finance House,دار التمويل,AEF000401016,ADX,United Arab Emirates,AE,1,Financials,المالية,510,Equity,Listed,https://apigateway.adx.ae/adx/cdn/1.0/content/download/951445
FIDELITYUNITED,United Fidelity Insurance Company (P.S.C),(شركةالتأمين فيدلتي المتحدة (ش .م.ع,AEU000301017,ADX,United Arab Emirates,AE,1,Financials,المالية,510,Equity,Listed,https://apigateway.adx.ae/adx/cdn/1.0/content/download/1081291
FIDELITYUNITEDRI25,FIDELITYUNITED Rights Issue 2025,حقوق اكتتاب أسهم فيدليتي المتحدة للتأمين 2025,AER01799F252,ADX,United Arab Emirates,AE,1,Financials,المالية,510,Equity,Delisted,https://apigateway.adx.ae/adx/cdn/1.0/content/download/1081291
FNF,FOODCO NATIONAL FOODSTUFF PrJSC,فودكو الوطنية للمواد الغذائية ش م خ,AEF000701019,ADX,United Arab Emirates,AE,3,Consumer Staples,السلع الاستهـلاكية,517,Preference,Listed,https://apigateway.adx.ae/adx/cdn/1.0/content/download/2259222
GCCDIV,Lunate Solactive GCC Shariah Dividend ETF,صندوق لونيت سولاكتيف الخليجي شريعة لتوزيعات الأرباح المتداول ,AEC01930C265,ADX,United Arab Emirates,AE,0,Other,آخر,515,Fund,Listed,https://apigateway.adx.ae/adx/cdn/1.0/content/download/5021948
GCEM,Gulf Cement Co,شركة اسمنت الخليج,AEG000101010,ADX,United Arab Emirates,AE,6,Industrial,الصناعات,510,Equity,Listed,https://apigateway.adx.ae/adx/cdn/1.0/content/download/1077343
GFH,GFH Bank B.S.C.,بنك جي اف اتش ش.م.ب.,BH000A0CAQK6,ADX,United Arab Emirates,AE,1,Financials,المالية,510,Equity,Listed,https://apigateway.adx.ae/adx/cdn/1.0/content/download/2470656
GHITHA,GHITHA HOLDING P.J.S.C,غذاء القابضة ش .م.خ,AEZ000101010,ADX,United Arab Emirates,AE,3,Consumer Staples,السلع الاستهـلاكية,517,Preference,Listed,https://apigateway.adx.ae/adx/cdn/1.0/content/download/2244770
GIH,Gulf Investment House Company,شركة بيت اﻻ ستثمار الخليجي,KW0EQ0200760,ADX,United Arab Emirates,AE,1,Financials,المالية,510,Equity,Listed,https://apigateway.adx.ae/adx/cdn/1.0/content/download/2688430
GMPC,Gulf Medical Projects Company,شركة الخليج للمشاريع الطبية,AEG000401014,ADX,United Arab Emirates,AE,11,Health Care,الرعاية الصحية,510,Equity,Listed,https://apigateway.adx.ae/adx/cdn/1.0/content/download/1066690
GRMNY,Lunate S&P Germany UCITS ETF,صندوق لونيت ستاندرد اند بورز المانيا يوسيتس المتداول,IE000EK4H397,ADX,United Arab Emirates,AE,0,Other,آخر,515,Fund,Listed,https://apigateway.adx.ae/adx/cdn/1.0/content/download/5021948
HAYAH,Hayah Insurance Company P.J.S.C,شركة حياه للتأمين ش.م.ع,AEG000801015,ADX,United Arab Emirates,AE,1,Financials,المالية,510,Equity,Listed,https://apigateway.adx.ae/adx/cdn/1.0/content/download/950672
HH,HILY HOLDING PJSC,شركة هيلي القابضة ش .م.ع,AEF000101012,ADX,United Arab Emirates,AE,3,Consumer Staples,السلع الاستهـلاكية,510,Equity,Listed,https://apigateway.adx.ae/adx/cdn/1.0/content/download/950772
ICAP,Investcorp Capital PLC,شركة انفستكورب كابيتال بي ال سي,AEE01354I230,ADX,United Arab Emirates,AE,1,Financials,المالية,510,Equity,Listed,https://apigateway.adx.ae/adx/cdn/1.0/content/download/2973857
IH,Insurance House,دار التأمين ش م ع,AEI000401010,ADX,United Arab Emirates,AE,1,Financials,المالية,510,Equity,Listed,https://apigateway.adx.ae/adx/cdn/1.0/content/download/1000018
IHC,International Holding Company PJSC,الشركة العالمية القابضة ش م ع,AEI000201014,ADX,United Arab Emirates,AE,1,Financials,المالية,510,Equity,Listed,https://apigateway.adx.ae/adx/cdn/1.0/content/download/950763
INB,Invest Bank,بنك اﻷ ستثمار,AEI000101016,ADX,United Arab Emirates,AE,1,Financials,المالية,510,Equity,Listed,https://apigateway.adx.ae/adx/cdn/1.0/content/download/951446
INDI,Lunate S&P India Shariah ETF,صندوق لونيت ستاندرد اند بورز الهند شريعة المتداول ,AEC01365C249,ADX,United Arab Emirates,AE,0,Other,آخر,515,Fund,Listed,https://apigateway.adx.ae/adx/cdn/1.0/content/download/5021948
INVICTUS,Invictus Investment Company PLC,شركة انفيكتوس للاستثمار بي ال سي,AEE01078I227,ADX,United Arab Emirates,AE,3,Consumer Staples,السلع الاستهـلاكية,517,Preference,Listed,https://apigateway.adx.ae/adx/cdn/1.0/content/download/2549892
JPANI,Lunate S&P Japan UCITS ETF,صندوق لونيت ستاندرد اند بورز اليابان يوسيتس المتداول,IE000M10VZK6,ADX,United Arab Emirates,AE,0,Other,آخر,515,Fund,Listed,https://apigateway.adx.ae/adx/cdn/1.0/content/download/5021948
JULPHAR,Gulf Pharmaceutical Industries,شركة الخليج للصناعات الدوائية,AEG000201018,ADX,United Arab Emirates,AE,11,Health Care,الرعاية الصحية,510,Equity,Listed,https://apigateway.adx.ae/adx/cdn/1.0/content/download/950773
KICO,AL KHALEEJ INVESTMENT,الخليج اﻻستثمارية,AEG000701017,ADX,United Arab Emirates,AE,5,Real Estate,العقارات,510,Equity,Listed,https://apigateway.adx.ae/adx/cdn/1.0/content/download/992724
KRBN,KraneShares Global Carbon Strategy ETF,كرين شيرز جلوبال  كاربون استراتيجي إي تي إف,US5007676787,ADX,United Arab Emirates,AE,0,Other,آخر,515,Fund,Listed,https://apigateway.adx.ae/adx/cdn/1.0/content/download/4620536
KWEB,KraneShares CSI China Internet ETF,كرين شيرز  لمؤشر الانترنت الصيني المتداول,US5007673065,ADX,United Arab Emirates,AE,0,Other,آخر,515,Fund,Listed,https://apigateway.adx.ae/adx/cdn/1.0/content/download/4620536
KWIN,KraneShares Wahed Alternative Income Index ETF,صندوق كرين شيرز واحد لمؤشر الدخل البديل المتداول في البورصة,US5007672232,ADX,United Arab Emirates,AE,0,Other,آخر,515,Fund,Listed,https://apigateway.adx.ae/adx/cdn/1.0/content/download/4622348
KWTI,Lunate S&P Kuwait Shariah ETF,صندوق لونيت ستاندرد اند بورز الكويت شريعة المتداول ,AEC000730056,ADX,United Arab Emirates,AE,0,Other,آخر,515,Fund,Listed,https://apigateway.adx.ae/adx/cdn/1.0/content/download/5021948
LULU,LULU RETAIL HOLDINGS PLC,شركة لولو للتجزئة القابضة بي ال سي,AEE01487L240,ADX,United Arab Emirates,AE,3,Consumer Staples,السلع الاستهـلاكية,510,Equity,Listed,https://apigateway.adx.ae/adx/cdn/1.0/content/download/3309721
LUXURY,Boreas S&P Absolute Luxury UCITS ETF – AED (Dist),صندوق بورياس ستاندرد آند بورز للسلع الفاخرة يوسيتس المتداول بالدرهم الإماراتي - ذات العائد الموزع,IE000UK8D8Q4,ADX,United Arab Emirates,AE,0,Other,آخر,515,Fund,Listed,https://apigateway.adx.ae/adx/cdn/1.0/content/download/4603636
MAIR,MAIR GROUP - P.J.S.C,.مجموعة مير - ش.م.ع,AEE01571M249,ADX,United Arab Emirates,AE,3,Consumer Staples,السلع الاستهـلاكية,510,Equity,Listed,https://apigateway.adx.ae/adx/cdn/1.0/content/download/3342501
MANAZEL,Manazel PJSC,شركة منازل ش م خ,AEM000601017,ADX,United Arab Emirates,AE,5,Real Estate,العقارات,517,Preference,Listed,https://apigateway.adx.ae/adx/cdn/1.0/content/download/1077344
MBME,MBME GROUP Private Joint Stock Company,مجموعةام بي ام اي شركة مساهمة خاصة,AEE01201M235,ADX,United Arab Emirates,AE,15,Technology,التكنولوجيا,517,Preference,Listed,https://apigateway.adx.ae/adx/cdn/1.0/content/download/2821446
METHAQ,Methaq Takaful Insurance Company,شركة ميثاق للتأمين التكافلي,AEM000201016,ADX,United Arab Emirates,AE,1,Financials,المالية,510,Equity,Listed,https://apigateway.adx.ae/adx/cdn/1.0/content/download/950673
MODON,Modon Holding PSC,مدن القابضة ش.م.خ,AEA006501018,ADX,United Arab Emirates,AE,5,Real Estate,العقارات,517,Preference,Listed,https://apigateway.adx.ae/adx/cdn/1.0/content/download/3253680
MVFN5Y0423,Government of Maldives Notes 2031 - 5.5%,سندات حكومة جمهورية المالديف,MV0FN5Y04237,ADX,United Arab Emirates,AE,0,Other,آخر,511,Debt,Listed,https://apigateway.adx.ae/adx/cdn/1.0/content/download/1000045
NBF,National Bank Of Fujairah,بنك الفجيرة الوطني,AEN000801011,ADX,United Arab Emirates,AE,1,Financials,المالية,510,Equity,Listed,https://apigateway.adx.ae/adx/cdn/1.0/content/download/1000019
NBQ,National Bank Of Umm Al Qaiwain,بنك ام القيوين الوطني,AEN000701013,ADX,United Arab Emirates,AE,1,Financials,المالية,510,Equity,Listed,https://apigateway.adx.ae/adx/cdn/1.0/content/download/950774
NCTH,National Corporation for Tourism & Hotels,المؤسسة الوطنية للسياحة و الفنادق,AEN001001017,ADX,United Arab Emirates,AE,13,Consumer Discretionary,السلع الاستهلاكية التقديرية,510,Equity,Listed,https://apigateway.adx.ae/adx/cdn/1.0/content/download/951115
NMDC,NMDC Group PJSC,ان ام دي سي جروب - ش.م.ع,AEN000401010,ADX,United Arab Emirates,AE,6,Industrial,الصناعات,510,Equity,Listed,https://apigateway.adx.ae/adx/cdn/1.0/content/download/1077345
NMDCENR,NMDC Energy P.J.S.C,ان ام دي سي انيرجي - ش.م.ع,AEE01456N241,ADX,United Arab Emirates,AE,8,Energy,الطاقة,510,Equity,Listed,https://apigateway.adx.ae/adx/cdn/1.0/content/download/3257173
OEIHC,Oman & Emirates Investment Holding Co,شركة عمان واﻻمارات لﻼستثمار القابضة,OM0000001681,ADX,United Arab Emirates,AE,1,Financials,المالية,510,Equity,Listed,https://apigateway.adx.ae/adx/cdn/1.0/content/download/950674
ORAS,Orascom Construction Plc,"
شركة أوراسكوم كونستراكشون بي إل سي",AEE01702O253,ADX,United Arab Emirates,AE,6,Industrial,الصناعات,510,Equity,Listed,https://apigateway.adx.ae/adx/cdn/1.0/content/download/4516640
ORDS,OOREDOO,أريد,QA0007227737,ADX,United Arab Emirates,AE,9,Telecommunication,الاتصالات,510,Equity,Listed,https://apigateway.adx.ae/adx/cdn/1.0/content/download/1081090
PALMS,PALMS SPORTS PrJSC,شركة بالمز الرياضية ش م خ,AEP000201019,ADX,United Arab Emirates,AE,13,Consumer Discretionary,السلع الاستهلاكية التقديرية,517,Preference,Listed,https://apigateway.adx.ae/adx/cdn/1.0/content/download/2246544
PHX,Phoenix Group PLC,فينكس كروب بي ال سي,AEE01357P238,ADX,United Arab Emirates,AE,15,Technology,التكنولوجيا,510,Equity,Listed,https://apigateway.adx.ae/adx/cdn/1.0/content/download/2983004
PKSTN,Lunate S&P Pakistan UCITS ETF,صندوق لونيت ستاندرد اند بورز باكستان يوسيتس المتداول,IE00088ID6F8,ADX,United Arab Emirates,AE,0,Other,آخر,515,Fund,Listed,https://apigateway.adx.ae/adx/cdn/1.0/content/download/5021948
PRESIGHT,PRESIGHT AI HOLDING PLC,بريسايت ايه اي هولدينغ بي ال سي,AEE01200P230,ADX,United Arab Emirates,AE,15,Technology,التكنولوجيا,510,Equity,Listed,https://apigateway.adx.ae/adx/cdn/1.0/content/download/2864648
PUREHEALTH,Pure Health Holding PJSC,بيور  هيلث القابضة ش.م.ع,AEE01362P238,ADX,United Arab Emirates,AE,11,Health Care,الرعاية الصحية,510,Equity,Listed,https://apigateway.adx.ae/adx/cdn/1.0/content/download/3001993
QIC,Umm Al Qaiwain General Investment Co. P.S.C,شركةام القوين لﻼستثمارات العامه,AEU000701018,ADX,United Arab Emirates,AE,1,Financials,المالية,510,Equity,Listed,https://apigateway.adx.ae/adx/cdn/1.0/content/download/1000020
QUANTM,Boreas Solactive Quantum Computing UCITS ETF – Share Class B – Distributing,بورياس سولاكتيف للحوسبة الكمومية يوستس المتداول – الشريحة (ب) – ذات العائد الموزع,IE000RVOB8A6,ADX,United Arab Emirates,AE,0,Other,آخر,515,Fund,Listed,https://apigateway.adx.ae/adx/cdn/1.0/content/download/4527581
RAKBANK,The National Bank of Ras Al Khaimah,بنك رأس الخيمه الوطني,AEN000601015,ADX,United Arab Emirates,AE,1,Financials,المالية,510,Equity,Listed,https://apigateway.adx.ae/adx/cdn/1.0/content/download/1077346
RAKCEC,RAK Ceramics PJSC,شركة سيراميك رأس الخيمة,AER000301013,ADX,United Arab Emirates,AE,6,Industrial,الصناعات,510,Equity,Listed,https://apigateway.adx.ae/adx/cdn/1.0/content/download/992727
RAKNIC,Ras Alkhaima National Insurance Co,شركة رأس الخيمة الوطنية للتأمين,AER000501018,ADX,United Arab Emirates,AE,1,Financials,المالية,510,Equity,Listed,https://apigateway.adx.ae/adx/cdn/1.0/content/download/951116
RAKPROP,RAK Properties,رأس الخيمة العقارية,AER000601016,ADX,United Arab Emirates,AE,5,Real Estate,العقارات,510,Equity,Listed,https://apigateway.adx.ae/adx/cdn/1.0/content/download/1066693
RAKWCT,RAK Co. for White Cement & Construction Materials,شركة رأس الخيمة لﻼسمنت اﻷبيض والمواد اﻻنشائية,AER000101017,ADX,United Arab Emirates,AE,6,Industrial,الصناعات,510,Equity,Listed,https://apigateway.adx.ae/adx/cdn/1.0/content/download/1000021
RAPCO,RAPCO Investment PJSC,رابكو لﻼ ستثمار ش .م.ع,AER000201015,ADX,United Arab Emirates,AE,3,Consumer Staples,السلع الاستهـلاكية,510,Equity,Listed,https://apigateway.adx.ae/adx/cdn/1.0/content/download/2889769
RPM,Response Plus Holding PrJSC,شركه ريسبونس بلس القابضه ش م خ,AER001001018,ADX,United Arab Emirates,AE,11,Health Care,الرعاية الصحية,517,Preference,Listed,https://apigateway.adx.ae/adx/cdn/1.0/content/download/2398193
SAGA,SAGASSE INVESTMENT COMPANY PLC,شركة ساجاس للاستثمار بي ال س,AEE01700S258,ADX,United Arab Emirates,AE,1,Financials,المالية,517,Preference,Listed,https://apigateway.adx.ae/adx/cdn/1.0/content/download/4496565
SAUDIA,Lunate S&P KSA Shariah ETF,صندوق لونيت ستاندرد اند بورز السعودية شريعة المتداول,AEC000730049,ADX,United Arab Emirates,AE,0,Other,آخر,515,Fund,Listed,https://apigateway.adx.ae/adx/cdn/1.0/content/download/5021948
SAWAEED,Sawaeed Holding P.J.S.C,سواعد القابضة ش.م.خ,AES001101014,ADX,United Arab Emirates,AE,1,Financials,المالية,517,Preference,Listed,https://apigateway.adx.ae/adx/cdn/1.0/content/download/2174817
SCIDC,Sharjah Cement and Industrial Development Co,شركة الشارقة لﻸ سمنت و التنمية الصناعية,AES000401019,ADX,United Arab Emirates,AE,6,Industrial,الصناعات,510,Equity,Listed,https://apigateway.adx.ae/adx/cdn/1.0/content/download/950776
SIB,Sharjah Islamic Bank,مصرف الشارقةاﻻسﻼمي,AES000201013,ADX,United Arab Emirates,AE,1,Financials,المالية,510,Equity,Listed,https://apigateway.adx.ae/adx/cdn/1.0/content/download/1077347
SIBRI26,SIB Rights Issue 2026,حقوق اكتتاب أسهم مصرف الشارقة الإسلامي 2026,AER01920S265,ADX,United Arab Emirates,AE,1,Financials,المالية,510,Equity,Delisted,https://apigateway.adx.ae/adx/cdn/1.0/content/download/4343731
SICO,Sharjah Insurance Company,شركة الشارقة للتأمين,AES000301011,ADX,United Arab Emirates,AE,1,Financials,المالية,510,Equity,Listed,https://apigateway.adx.ae/adx/cdn/1.0/content/download/950676
SPACE42,SPACE42 PLC,سبيس42 بي ال سي,AEE01122B228,ADX,United Arab Emirates,AE,15,Technology,التكنولوجيا,510,Equity,Listed,https://apigateway.adx.ae/adx/cdn/1.0/content/download/2707134
SUDATEL,Sudatel Telecommunications Group Company Limited,شركة مجموعة سوداتل لﻼتصاﻻ ت المحدودة- سوداتل,SD000A0F5KV7,ADX,United Arab Emirates,AE,9,Telecommunication,الاتصالات,510,Equity,Listed,https://apigateway.adx.ae/adx/cdn/1.0/content/download/1066694
SUKUK,Lunate JP Morgan Global Sukuk ETF,صندوق لونيت جي بي مورجان الصكوك العالمية المتداول ,AEC01443C244,ADX,United Arab Emirates,AE,0,Other,آخر,515,Fund,Listed,https://apigateway.adx.ae/adx/cdn/1.0/content/download/5021948
TAQA,Abu Dhabi National Energy Company,شركة ابوظبي الوطنية للطاقة,AEA002401015,ADX,United Arab Emirates,AE,14,Utilities,المرافق,510,Equity,Delisted,https://apigateway.adx.ae/adx/cdn/1.0/content/download/1000022
TKFL,Abu Dhabi National Takaful Co,شركة أبوظبي الوطنية للتكافل,AEA001801017,ADX,United Arab Emirates,AE,1,Financials,المالية,510,Equity,Listed,https://apigateway.adx.ae/adx/cdn/1.0/content/download/1081092
TNI,The National Investor PRJSC,المستثمر الوطني ش م خ,AEN001701012,ADX,United Arab Emirates,AE,1,Financials,المالية,517,Preference,Listed,https://apigateway.adx.ae/adx/cdn/1.0/content/download/950777
TURKI,Lunate S&P Turkey Shariah ETF,صندوق لونيت ستاندرد اند بورز تركيا شريعة المتداول ,AEC01084C220,ADX,United Arab Emirates,AE,0,Other,آخر,515,Fund,Listed,https://apigateway.adx.ae/adx/cdn/1.0/content/download/5021948
UAB,United Arab Bank,البنك العربي المتحد,AEU000601010,ADX,United Arab Emirates,AE,1,Financials,المالية,510,Equity,Listed,https://apigateway.adx.ae/adx/cdn/1.0/content/download/1081191
UABRI25,UAB Rights Issue 2025,حقوق اكتتاب أسهم البنك العربي المتحد 2025,AER01659U257,ADX,United Arab Emirates,AE,1,Financials,المالية,510,Equity,Delisted,https://apigateway.adx.ae/adx/cdn/1.0/content/download/1081191
UAEA,Lunate S&P UAE Shariah ETF,صندوق لونيت ستاندرد اند بورز الامارات شريعة المتداول,AEC000730023,ADX,United Arab Emirates,AE,0,Other,آخر,515,Fund,Listed,https://apigateway.adx.ae/adx/cdn/1.0/content/download/5021948
UAED,Lunate S&P UAE UCITS ETF,صندوق لونيت ستاندرد اند بورز الامارات يوسيتس المتداول,IE00BKDMN700,ADX,United Arab Emirates,AE,0,Other,آخر,515,Fund,Listed,https://apigateway.adx.ae/adx/cdn/1.0/content/download/5021948
UNION,Union Insurance Company,شركة اﻻتحاد للتامين,AEU000501012,ADX,United Arab Emirates,AE,1,Financials,المالية,510,Equity,Listed,https://apigateway.adx.ae/adx/cdn/1.0/content/download/1066695
USGRWTH,Lunate S&P US Shariah Growth ETF,صندوق لونيت ستاندرد اند بورز الولايات المتحدة شريعة لأسهم النمو المتداول ,AEC01080C228,ADX,United Arab Emirates,AE,0,Other,آخر,515,Fund,Listed,https://apigateway.adx.ae/adx/cdn/1.0/content/download/5021948
USTBILL,Lunate iBOXX US Treasury Bill ETF,صندوق لونيت ايبوكس أذون الخزانة الأمريكية المتداول ,AEC01574C253,ADX,United Arab Emirates,AE,0,Other,آخر,515,Fund,Listed,https://apigateway.adx.ae/adx/cdn/1.0/content/download/5021948
USVALUE,Lunate S&P US Shariah Value ETF,صندوق لونيت ستاندرد اند بورز الولايات المتحدة شريعة للأسهم القًيِّمة المتداول ,AEC01079C220,ADX,United Arab Emirates,AE,0,Other,آخر,515,Fund,Listed,https://apigateway.adx.ae/adx/cdn/1.0/content/download/5021948
WAHA,Waha Capital Company,الواحة كابيتال,AEA000701010,ADX,United Arab Emirates,AE,1,Financials,المالية,510,Equity,Listed,https://apigateway.adx.ae/adx/cdn/1.0/content/download/992726
XSADGB0429,EMIRATE OF ABU DHABI BONDS APR29 4.875%,"U.S.$1,750,000,000 4.875 per cent",XS2811094130,ADX,United Arab Emirates,AE,0,Other,آخر,511,Debt,Listed,https://apigateway.adx.ae/adx/cdn/1.0/content/download/2839395
XSADGB0434,EMIRATE OF ABU DHABI BONDS APR34 5%,"U.S.$1,500,000,000 5.000 per cent",XS2811094486,ADX,United Arab Emirates,AE,0,Other,آخر,511,Debt,Listed,https://apigateway.adx.ae/adx/cdn/1.0/content/download/2839395
XSADGB0454,EMIRATE OF ABU DHABI BONDS APR54 5.5%,"U.S.$1,750,000,000 5.500 per cent",XS2811094213,ADX,United Arab Emirates,AE,0,Other,آخر,511,Debt,Listed,https://apigateway.adx.ae/adx/cdn/1.0/content/download/2839395
XSADGB0526,EMIRATE OF ABU DHABI BONDS MAY26 3.125%,"U.S.$2,500,000,000   3.125 Per cent. Notes due 2026",XS1402929746,ADX,United Arab Emirates,AE,0,Other,آخر,511,Debt,Listed,https://apigateway.adx.ae/adx/cdn/1.0/content/download/2839395
XSADGB1027,EMIRATE OF ABU DHABI BONDS OCT27 3.125%,"U.S.$4,000,000,000   3.125 Per cent. Notes due 2027",XS1696892295,ADX,United Arab Emirates,AE,0,Other,آخر,511,Debt,Listed,https://apigateway.adx.ae/adx/cdn/1.0/content/download/2839395
XSADGB1047,EMIRATE OF ABU DHABI BONDS OCT47 4.125%,"U.S.$3,000,000,000   4.125 Per cent. Notes due 2047",XS1696899035,ADX,United Arab Emirates,AE,0,Other,آخر,511,Debt,Listed,https://apigateway.adx.ae/adx/cdn/1.0/content/download/2839395
XSADGMTN0425,EMIRATE OF ABU DHABI NOTES 2025 - 2.500%,سندات امارة أبوظبي متوسطة اﻷ جل العالمية,XS2125308085,ADX,United Arab Emirates,AE,0,Other,آخر,511,Debt,Listed,https://apigateway.adx.ae/adx/cdn/1.0/content/download/1768552
XSADGMTN0430,EMIRATE OF ABU DHABI NOTES 2030 - 3.125%,سندات امارة أبوظبي متوسطة اﻷ جل العالمية,XS2125308168,ADX,United Arab Emirates,AE,0,Other,آخر,511,Debt,Listed,https://apigateway.adx.ae/adx/cdn/1.0/content/download/1768552
XSADGMTN0433,EMIRATE OF ABU DHABI BONDS APR33,سندات امارة أبو ظبي متوسطة اﻷجل العالمية,XS3350938109,ADX,United Arab Emirates,AE,0,Other,آخر,511,Debt,Listed,https://apigateway.adx.ae/adx/cdn/1.0/content/download/1768552
XSADGMTN0450,EMIRATE OF ABU DHABI NOTES 2050 - 3.875%,سندات امارة أبوظبي متوسطة اﻷ جل العالمية,XS2125308242,ADX,United Arab Emirates,AE,0,Other,آخر,511,Debt,Listed,https://apigateway.adx.ae/adx/cdn/1.0/content/download/1768552
XSADGMTN0628,EMIRATE OF ABU DHABI NOTES 2028 - 1.625%,سندات امارة أبوظبي متوسطةاﻷجل العالمية,XS2348236980,ADX,United Arab Emirates,AE,0,Other,آخر,511,Debt,Listed,https://apigateway.adx.ae/adx/cdn/1.0/content/download/1768552
XSADGMTN0929,EMIRATE OF ABU DHABI NOTES 2029 - 2.500%,سندات امارة أبوظبي متوسطة اﻷ جل العالمية,XS2057865979,ADX,United Arab Emirates,AE,0,Other,آخر,511,Debt,Listed,https://apigateway.adx.ae/adx/cdn/1.0/content/download/1768552
XSADGMTN0931,EMIRATE OF ABU DHABI NOTES 2031 - 1.700%,سندات امارة أبوظبي متوسطة اﻷ جل العالمية,XS2225210413,ADX,United Arab Emirates,AE,0,Other,آخر,511,Debt,Listed,https://apigateway.adx.ae/adx/cdn/1.0/content/download/1768552
XSADGMTN0936,EMIRATE OF ABU DHABI NOTES 2036 – 4.75%,سندات امارة أبو ظبي متوسطة اﻷجل العالمية 2036 - 4.75%,XS3389236434,ADX,United Arab Emirates,AE,0,Other,آخر,511,Debt,Listed,https://apigateway.adx.ae/adx/cdn/1.0/content/download/1768552
XSADGMTN0949,EMIRATE OF ABU DHABI NOTES 2049 - 3.125%,سندات امارة أبوظبي متوسطة اﻷ جل العالمية,XS2057866191,ADX,United Arab Emirates,AE,0,Other,آخر,511,Debt,Listed,https://apigateway.adx.ae/adx/cdn/1.0/content/download/1768552
XSADGMTN0951,EMIRATE OF ABU DHABI NOTES 2051 - 3%,NA,XS2386638816,ADX,United Arab Emirates,AE,0,Other,آخر,511,Debt,Listed,https://apigateway.adx.ae/adx/cdn/1.0/content/download/1768552
XSADGMTN0970,EMIRATE OF ABU DHABI NOTES 2070 - 2.700%,سندات امارة أبوظبي متوسطة اﻷ جل العالمية,XS2225210330,ADX,United Arab Emirates,AE,0,Other,آخر,511,Debt,Listed,https://apigateway.adx.ae/adx/cdn/1.0/content/download/1768552
XSADGMTN9031,EMIRATE OF ABU DHABI NOTES 2031 - 1.875%,برنامج السندات العالمية متوسطة اﻷ جل الصادرة عن امارة أبو ظبي,XS2386638733,ADX,United Arab Emirates,AE,0,Other,آخر,511,Debt,Listed,https://apigateway.adx.ae/adx/cdn/1.0/content/download/1768552
XSADIBS1128,ADIB SUKUK CO II LTD NOV 2028 - 5.695%,شركة صكوك  أديب 2 المحدودة,XS2713768807,ADX,United Arab Emirates,AE,0,Other,آخر,519,Debt,Listed,https://apigateway.adx.ae/adx/cdn/1.0/content/download/3001895
XSADPMTN0531,ABU DHABI PORTS CO Euro MTN 2.5% MAY2031,شركة موانيء أبو ظبي ش .م.ع,XS2338173680,ADX,United Arab Emirates,AE,0,Other,آخر,511,Debt,Listed,https://apigateway.adx.ae/adx/cdn/1.0/content/download/2335595
XSADQ0529,ADQ BONDS MAY2029 5.375%,سندات شركة أبوظبي الوطنية القابضة,XS2816006303,ADX,United Arab Emirates,AE,0,Other,آخر,511,Debt,Listed,https://apigateway.adx.ae/adx/cdn/1.0/content/download/3162022
XSADQ0530,ADQ BONDS MAY2030 4.5%,سندات شركة أبوظبي الوطنية القابضة,XS3061310101,ADX,United Arab Emirates,AE,0,Other,آخر,511,Debt,Listed,https://apigateway.adx.ae/adx/cdn/1.0/content/download/3162022
XSADQ0534,ADQ BONDS MAY2034 5.5%,سندات شركة أبوظبي الوطنية القابضة,XS2816006725,ADX,United Arab Emirates,AE,0,Other,آخر,511,Debt,Listed,https://apigateway.adx.ae/adx/cdn/1.0/content/download/3162022
XSADQ0535,ADQ BONDS MAY2035 5%,سندات شركة أبوظبي الوطنية القابضة,XS3061312909,ADX,United Arab Emirates,AE,0,Other,آخر,511,Debt,Listed,https://apigateway.adx.ae/adx/cdn/1.0/content/download/3162022
XSADQ1031,ADQ BONDS OCT2031 4.375%,شركة أبوظبي التنموية القابضة ش.م.ع - 7 سنوات,XS2907161363,ADX,United Arab Emirates,AE,0,Other,آخر,511,Debt,Listed,https://apigateway.adx.ae/adx/cdn/1.0/content/download/3162022
XSADQ1054,ADQ BONDS OCT2054 5.25%,شركة أبوظبي التنموية القابضة ش.م.ع - 30 سنة,XS2907245208,ADX,United Arab Emirates,AE,0,Other,آخر,511,Debt,Listed,https://apigateway.adx.ae/adx/cdn/1.0/content/download/3162022
XSALDAR0335,ALDAR PROPERTIES PJSC 5.250% Notes due Mar2035,الصكوك الخضراء الصادرة عن شركة الدار العقارية ش.م.ع,XS2854315814,ADX,United Arab Emirates,AE,0,Other,آخر,519,Debt,Listed,https://apigateway.adx.ae/adx/cdn/1.0/content/download/1267900
XSALDAR0455,ALDAR PROPERTIES PJSC 6.6227% Notes due Apr2055,سندات شركة الدار العقارية ش م ع بفائدة 6.6227% استحقاق إبريل 2055,XS2975294393,ADX,United Arab Emirates,AE,0,Other,آخر,511,Debt,Listed,https://apigateway.adx.ae/adx/cdn/1.0/content/download/1066680
XSALDARHB0456,ALDAR PROPERTIES PJSC 5.875% Notes due Apr2056,"السند الهجين التابع لشركة الدار العقارية ش.م.ع  
سندات تابعة قابلة لإعادة الضبط بفائدة 5.875% تستحق ابريل 2056",XS3261145539,ADX,United Arab Emirates,AE,0,Other,آخر,511,Debt,Listed,https://apigateway.adx.ae/adx/cdn/1.0/content/download/1066680
XSALDARS0533,ALDAR INV PROP SUKUK LTD 4.875% MAY33,صكوك الدار للاستثمار العقاري المحدودة,XS2627338580,ADX,United Arab Emirates,AE,0,Other,آخر,519,Debt,Listed,https://apigateway.adx.ae/adx/cdn/1.0/content/download/1066680
XSALDARS0534,ALDAR INV PROP SUKUK LTD 5.5% MAY34,صكوك الدار لﻼ ستثمار العقاري      المحدودة,XS2816816305,ADX,United Arab Emirates,AE,0,Other,آخر,519,Debt,Listed,https://apigateway.adx.ae/adx/cdn/1.0/content/download/1267900
XSALDARS0925,ALDAR INVESTMENTS SUKUK 4.75% SEP 2025,صكوك الدار المحدودة,XS1887479902,ADX,United Arab Emirates,AE,0,Other,آخر,511,Debt,Listed,https://apigateway.adx.ae/adx/cdn/1.0/content/download/1267900
XSALDARS1029,ALDAR SUKUK NO.2 LIMITED 3.875% OCT 2029,الدار صكوك (2) المحدودة,XS2068063465,ADX,United Arab Emirates,AE,0,Other,آخر,511,Debt,Listed,https://apigateway.adx.ae/adx/cdn/1.0/content/download/1753655
XSEGEMTN0528,ETISALAT GROUP EMT NOTES 0.375% MAY 2028,"2028 سندات بقيمة 500,000,000 يورو،بفائدة ثابثة 0.375%  تستحق عام",XS2339427747,ADX,United Arab Emirates,AE,0,Other,آخر,511,Debt,Listed,https://apigateway.adx.ae/adx/cdn/1.0/content/download/951112
XSEGEMTN0533,ETISALAT GROUP EMT NOTES 0.875% MAY 2033,"2033 سندات بقيمة 500,000,000 يورو،بفائدة ثابتة 0.875% تستحق عام",XS2339427820,ADX,United Arab Emirates,AE,0,Other,آخر,511,Debt,Listed,https://apigateway.adx.ae/adx/cdn/1.0/content/download/951112
XSFABDB0728,FAB Digital Bond due 2028,السند الرقمي لبنك أبو ظبي الأول 2028,HK0001155693,ADX,United Arab Emirates,AE,0,Other,آخر,511,Debt,Listed,https://apigateway.adx.ae/adx/cdn/1.0/content/download/992725
XSFABSTC0726,FAB SUKUK CO TRUST CERT 4.930% JUL 2026,شركة صكوك ف أ ب المحدودة,XS2655377823,ADX,United Arab Emirates,AE,0,Other,آخر,519,Debt,Listed,https://apigateway.adx.ae/adx/cdn/1.0/content/download/2979142
XSMASDAR0530,MASDAR GREEN EMTN 4.875% MAY 2030,سندات مصدر خضراء بفائدة ثابته 4.875% تستحق عام 2030,XS3074432959,ADX,United Arab Emirates,AE,0,Other,آخر,519,Debt,Listed,https://apigateway.adx.ae/adx/cdn/1.0/content/download/2934969
XSMASDAR0535,MASDAR GREEN EMTN 5.375% MAY 2035,سندات مصدر خضراء بفائدة ثابته 5.375% تستحق عام 2035,XS3074435978,ADX,United Arab Emirates,AE,0,Other,آخر,519,Debt,Listed,https://apigateway.adx.ae/adx/cdn/1.0/content/download/2934969
XSMASDAR0729,MASDAR EMTN 4.875% JUL 2029,شركة أبوظبي لطاقة المستقبل   مصدر - 5 سنوات,XS2865538776,ADX,United Arab Emirates,AE,0,Other,آخر,519,Debt,Listed,https://apigateway.adx.ae/adx/cdn/1.0/content/download/2934969
XSMASDAR0733,MASDAR EMTN 4.875% JUL 2033,(سندات شركة أبوظبي لطاقة المستقبل مصدر(  سندات خضراء,XS2651619285,ADX,United Arab Emirates,AE,0,Other,آخر,519,Debt,Listed,https://apigateway.adx.ae/adx/cdn/1.0/content/download/2934969
XSMASDAR0734,MASDAR EMTN 5.25% JUL 2034,شركة أبوظبي لطاقة المستقبل  مصدر - 10 سنوات,XS2856902189,ADX,United Arab Emirates,AE,0,Other,آخر,519,Debt,Listed,https://apigateway.adx.ae/adx/cdn/1.0/content/download/2934969
XSMDGHTN0327,MDGH GMTN RSC Ltd NOTES 0.375% MAR 2027,ام دي جي اتش - جي ام تي ان (أراس سي) لميتد,XS2311412865,ADX,United Arab Emirates,AE,0,Other,آخر,511,Debt,Listed,https://apigateway.adx.ae/adx/cdn/1.0/content/download/2303151
XSMDGHTN0332,MDGH GMTN RSC Ltd NOTES 3.375% MAR 2032,ام دي جي اتش - جي ام تي ان (أراس س ي) لمي تد,XS2455984679,ADX,United Arab Emirates,AE,0,Other,آخر,511,Debt,Listed,https://apigateway.adx.ae/adx/cdn/1.0/content/download/2303151
XSMDGHTN0334,MDGH GMTN RSC Ltd NOTES 1% MAR 2034,ام دي جي اتش - جي ام تي ان (أراس سي) لميتد,XS2311413160,ADX,United Arab Emirates,AE,0,Other,آخر,511,Debt,Listed,https://apigateway.adx.ae/adx/cdn/1.0/content/download/2303151
XSMDGHTN0433,MDGH GMTN RSC Ltd NOTES 5.5% APR 2033,ام دي جي اتش - جي ام تي ان (أراس س ي) لمي تد,XS2546781985,ADX,United Arab Emirates,AE,0,Other,آخر,511,Debt,Listed,https://apigateway.adx.ae/adx/cdn/1.0/content/download/2303151
XSMDGHTN0526,MDGH - GMTN B.V. NOTES 2.500% MAY 2026,2026 MAY  2.500%  سندات شركة ام دي جي اتش  - جي ام تي ان,XS2176018609,ADX,United Arab Emirates,AE,0,Other,آخر,511,Debt,Listed,https://apigateway.adx.ae/adx/cdn/1.0/content/download/2303151
XSMDGHTN0530,MDGH - GMTN B.V. NOTES 2.875% MAY 2030,2030 MAY  2.875%  سندات شركة ام دي جي اتش  - جي ام تي ان,XS2176021223,ADX,United Arab Emirates,AE,0,Other,آخر,511,Debt,Listed,https://apigateway.adx.ae/adx/cdn/1.0/content/download/2303151
XSMDGHTN0534,MDGH GMTN RSC Ltd NOTES 5.875% MAY 2034,المعمورة دايفرسيفايد جلوبال هولدينغ ش.م.ع,XS2707149600,ADX,United Arab Emirates,AE,0,Other,آخر,519,Debt,Listed,https://apigateway.adx.ae/adx/cdn/1.0/content/download/2303151
XSMDGHTN0550,MDGH - GMTN B.V. NOTES 3.950% MAY 2050,2050 MAY 3.950%  سندات شركة ام دي جي اتش  - جي ام تي ان,XS2175968580,ADX,United Arab Emirates,AE,0,Other,آخر,511,Debt,Listed,https://apigateway.adx.ae/adx/cdn/1.0/content/download/2303151
XSMDGHTN0553,MDGH GMTN RSC Ltd NOTES 5.084% MAY 2053,المعمورة دايفرسيفايد جلوبال هولدينغ ش.م.ع,XS2623206187,ADX,United Arab Emirates,AE,0,Other,آخر,511,Debt,Listed,https://apigateway.adx.ae/adx/cdn/1.0/content/download/2303151
XSMDGHTN0631,MDGH GMTN RSC Ltd NOTES 2.5% JUN 2031,ام دي جي اتش - جي ام تي ان (أراس سي) لميتد,XS2348658035,ADX,United Arab Emirates,AE,0,Other,آخر,511,Debt,Listed,https://apigateway.adx.ae/adx/cdn/1.0/content/download/2303151
XSMDGHTN0651,MDGH GMTN RSC Ltd NOTES 3.4% JUN 2051,ام دي جي اتش - جي ام تي ان (أراس سي) لميتد,XS2324826994,ADX,United Arab Emirates,AE,0,Other,آخر,511,Debt,Listed,https://apigateway.adx.ae/adx/cdn/1.0/content/download/2303151
XSMDGHTN1128,MDGH GMTN RSC Ltd NOTES 5.650% NOV 2028,المعمورة دايفرسيفايد جلوبال هولدينغ ش.م.ع,XS2716891796,ADX,United Arab Emirates,AE,0,Other,آخر,511,Debt,Listed,https://apigateway.adx.ae/adx/cdn/1.0/content/download/2303151
XSMDGHTN1133,MDGH GMTN RSC Ltd NOTES 4.375% NOV 2033,المعمورة دايفرسيفايد جلوبال هولدينغ ش.م.ع,XS2624479288,ADX,United Arab Emirates,AE,0,Other,آخر,511,Debt,Listed,https://apigateway.adx.ae/adx/cdn/1.0/content/download/2303151
XSMDGHTNU327,MDGH GMTN RSC Ltd NOTES 3% MAR 2027,ام دي جي اتش - جي ام تي ان (أراس س ي) لمي تد,XS2455985569,ADX,United Arab Emirates,AE,0,Other,آخر,511,Debt,Listed,https://apigateway.adx.ae/adx/cdn/1.0/content/download/2303151
XSNOORAD0149,SWEIHAN PV POWER COMPANY 3.625% JAN 2049,شركة سويحان للطاقة الكهروضوئية ش.م.خ,XS2382853641,ADX,United Arab Emirates,AE,0,Other,آخر,519,Debt,Listed,https://apigateway.adx.ae/adx/cdn/1.0/content/download/2511502
XSSENAAT1225,SENAAT SUKUK LIMITED 4.76% DEC 2025,صكوك صناعات المحدودة,XS1917569243,ADX,United Arab Emirates,AE,0,Other,آخر,511,Debt,Listed,https://apigateway.adx.ae/adx/cdn/1.0/content/download/1327443
XSTAQA0129,TAQA GMTN 4.375% JAN 2029,"سندات بقيمة500,000,000 دوﻻر امريكي بفائدة ثابته4.375% تستحق 2029",XS2600246552,ADX,United Arab Emirates,AE,0,Other,آخر,511,Debt,Listed,https://apigateway.adx.ae/adx/cdn/1.0/content/download/2529818
XSTAQA0337,Abu Dhabi National Energy Co PJSC 4.75% Mar2037,شركة أبو ظبي الوطنية للطاقة ش.م.ع سند أخضر,XS2911046147,ADX,United Arab Emirates,AE,0,Other,آخر,519,Debt,Listed,https://apigateway.adx.ae/adx/cdn/1.0/content/download/2529818
XSTAQA0433,TAQA GMTN 4.696% APR 2033,"سندات خضراء بقيمة1,000,000,000دوﻻر امريكي بفائدة ثابته4.696% تستحق 2033",XS2600248335,ADX,United Arab Emirates,AE,0,Other,آخر,519,Debt,Listed,https://apigateway.adx.ae/adx/cdn/1.0/content/download/2529818
XSTAQA1031,Abu Dhabi National Energy Co PJSC 4.375% Oct2031,شركة أبو ظبي الوطنية للطاقة ش.م.ع سند عادي,XS2911044019,ADX,United Arab Emirates,AE,0,Other,آخر,511,Debt,Listed,https://apigateway.adx.ae/adx/cdn/1.0/content/download/2529818
XSTAQATN0425,TAQA GMTN 4.375% APR 2025,شركة أبو ظبي الوطنية للطاقة ش.م.ع,XS1808737594,ADX,United Arab Emirates,AE,0,Other,آخر,511,Debt,Listed,https://apigateway.adx.ae/adx/cdn/1.0/content/download/2529818
XSTAQATN0428,TAQA GMTN 2% APR 2028,شركة أبو ظبي الوطنية للطاقة ش.م.ع,XS2333388184,ADX,United Arab Emirates,AE,0,Other,آخر,511,Debt,Listed,https://apigateway.adx.ae/adx/cdn/1.0/content/download/2529818
XSTAQATN0430,TAQA GMTN 4.875% APR 2030,شركة أبو ظبي الوطنية للطاقة ش.م.ع,XS1808738212,ADX,United Arab Emirates,AE,0,Other,آخر,511,Debt,Listed,https://apigateway.adx.ae/adx/cdn/1.0/content/download/2529818
XSTAQATN0451,TAQA GMTN 3.4% APR 2051,شركة أبو ظبي الوطنية للطاقة ش.م.ع,XS2333388937,ADX,United Arab Emirates,AE,0,Other,آخر,511,Debt,Listed,https://apigateway.adx.ae/adx/cdn/1.0/content/download/2529818
XSTAQATN0626,TAQA GMTN 4.375% JUN 2026,شركة أبو ظبي الوطنية للطاقة ش.م.ع,XS1435072464,ADX,United Arab Emirates,AE,0,Other,آخر,511,Debt,Listed,https://apigateway.adx.ae/adx/cdn/1.0/content/download/2529818
XSTAQATN1036,TAQA GMTN 6.500% OCT 2036,شركة أبو ظبي الوطنية للطاقة ش.م.ع,XS0272949016,ADX,United Arab Emirates,AE,0,Other,آخر,511,Debt,Listed,https://apigateway.adx.ae/adx/cdn/1.0/content/download/2529818
XSTAQATN1049,TAQA GMTN 4.000% OCT 2049,شركة أبو ظبي الوطنية للطاقة ش.م.ع,XS2060897506,ADX,United Arab Emirates,AE,0,Other,آخر,511,Debt,Listed,https://apigateway.adx.ae/adx/cdn/1.0/content/download/2529818
